<?xml version="1.0" encoding="UTF-8"?>
<beans
        xmlns="http://www.springframework.org/schema/beans"
        xmlns:xsi="http://www.w3.org/2001/XMLSchema-instance"
        xsi:schemaLocation="http://www.springframework.org/schema/beans http://www.springframework.org/schema/beans/spring-beans-3.0.xsd">

    <bean id="customer1" class="com.ford1.springcore.Customer">
        <constructor-arg value="C001"></constructor-arg>
        <constructor-arg value="Harsha"></constructor-arg>
        <constructor-arg value="9829929992"></constructor-arg>
        <constructor-arg value="2345.50"></constructor-arg>
    </bean>
    <bean id="customer2" class="com.ford1.springcore.Customer">
        <constructor-arg value="C001"></constructor-arg>
        <constructor-arg value="Harsha"></constructor-arg>
        <constructor-arg value="9829929992"></constructor-arg>
    </bean>
    <bean id="customer3" class="com.ford1.springcore.Customer">
        <constructor-arg value="C002"></constructor-arg>
        <constructor-arg value="Kiran Kumar"></constructor-arg>
        <constructor-arg value="9853429992"></constructor-arg>
        <constructor-arg value="4345.50"></constructor-arg>
        <constructor-arg>
            <list>
                <value>Television</value>
                <value>Refrigerator</value>
                <value>AirConditioner</value>
                <value>BookShelf</value>
            </list>
        </constructor-arg>
    </bean>
    <bean id="customer4" class="com.ford1.springcore.Customer">
        <constructor-arg value="C003"></constructor-arg>
        <constructor-arg value="Kishan Kumar"></constructor-arg>
        <constructor-arg value="9761429992"></constructor-arg>
        <constructor-arg value="5345.50"></constructor-arg>
        <constructor-arg>
            <list>
                <value>Wet Grinder</value>
                <value>Washing Machine</value>
                <value>AirConditioner</value>
                <value>LapTop</value>
            </list>
        </constructor-arg>
    </bean>

</beans>