<?xml version="1.0" encoding="UTF-8"?>
<beans
        xmlns="http://www.springframework.org/schema/beans"
        xmlns:xsi="http://www.w3.org/2001/XMLSchema-instance"
        xsi:schemaLocation="http://www.springframework.org/schema/beans http://www.springframework.org/schema/beans/spring-beans-3.0.xsd">

    <bean id="employee1" class="com.ford1.springcorenoon.Employee">
        <constructor-arg value="E001"> </constructor-arg>
        <constructor-arg value="Harsha"></constructor-arg>
    </bean>

    <bean id="employee2" class="com.ford1.springcorenoon.Employee">
        <constructor-arg value="E002"> </constructor-arg>
        <constructor-arg value="Vamshi"></constructor-arg>
        <constructor-arg value="8748884843"></constructor-arg>
    </bean>

    <bean id="employee3" class="com.ford1.springcorenoon.Employee">
        <constructor-arg value="E003"> </constructor-arg>
        <constructor-arg value="Kiran Kumar"></constructor-arg>
        <constructor-arg value="8743454843"></constructor-arg>
        <constructor-arg value="1000.0"></constructor-arg>
    </bean>

    <bean id="address4" class="com.ford1.springcorenoon.Address">
        <constructor-arg value="23/4"></constructor-arg>
        <constructor-arg value="Benson St"></constructor-arg>
        <constructor-arg value="Bangalore"></constructor-arg>
        <constructor-arg value="Karnataka"></constructor-arg>
    </bean>
    <bean id="employee4" class="com.ford1.springcorenoon.Employee">
        <constructor-arg value="E004"> </constructor-arg>
        <constructor-arg value="Kishan Kumar"></constructor-arg>
        <constructor-arg value="8645454843"></constructor-arg>
        <constructor-arg value="1400.0"></constructor-arg>
        <constructor-arg>
            <ref bean="address4" />
        </constructor-arg>
    </bean>


</beans>