<?xml version="1.0" encoding="UTF-8"?>
<beans
        xmlns="http://www.springframework.org/schema/beans"
        xmlns:xsi="http://www.w3.org/2001/XMLSchema-instance"
        xsi:schemaLocation="http://www.springframework.org/schema/beans http://www.springframework.org/schema/beans/spring-beans-3.0.xsd">
    <!-- Appraisal & Reports for Employee 1-->
    <bean id="appraisal1" class="com.ford2.setter.noon.Appraisal">
        <property name="appraisalId" value="Appr001"></property>
        <property name="appraiserName" value="Sudhish Chaterjee"></property>
        <property name="appraisalDate" value="23/06/2021"></property>
    </bean>
    <bean id="appraisal2" class="com.ford2.setter.noon.Appraisal">
        <property name="appraisalId" value="Appr002"></property>
        <property name="appraiserName" value="Kiran Choudhary"></property>
        <property name="appraisalDate" value="28/06/2020"></property>
    </bean>
    <bean id="report1" class="com.ford2.setter.noon.AppraisalReport">
        <property name="appraisalId" value="Appr001"></property>
        <property name="reportId" value="Repo1"></property>
        <property name="grade" value="A"></property>
        <property name="recommendedHike" value="15%"></property>
    </bean>
    <bean id="report2" class="com.ford2.setter.noon.AppraisalReport">
        <property name="appraisalId" value="Appr002"></property>
        <property name="reportId" value="Repo2"></property>
        <property name="grade" value="A+"></property>
        <property name="recommendedHike" value="18%"></property>
    </bean>

    <bean id="employee1" class="com.ford2.setter.noon.Employee">
        <property name="employeeId" value="E001"></property>
        <property name="employeeName" value="Sathish Kumar"></property>
        <property name="employeePhone" value="8478848848"></property>
        <property name="projectGrades">
            <map>
                <entry key="Project1" value="Grade1"></entry>
                <entry key="Project2" value="Grade2"></entry>
                <entry key="Project3" value="Grade1"></entry>
            </map>
        </property>
        <property name="appraisalReports">
            <map>
                <entry key-ref="appraisal1" value-ref="report1"></entry>
                <entry key-ref="appraisal2" value-ref="report2"></entry>
            </map>

        </property>
    </bean>
    <!-- Appraisal & Reports for Employee 2-->
    <bean id="appraisal3" class="com.ford2.setter.noon.Appraisal">
        <property name="appraisalId" value="Appr003"></property>
        <property name="appraiserName" value="Sumesh Gupta"></property>
        <property name="appraisalDate" value="23/07/2021"></property>
    </bean>
    <bean id="appraisal4" class="com.ford2.setter.noon.Appraisal">
        <property name="appraisalId" value="Appr004"></property>
        <property name="appraiserName" value="Rajesh Choudhary"></property>
        <property name="appraisalDate" value="28/07/2020"></property>
    </bean>
    <bean id="report3" class="com.ford2.setter.noon.AppraisalReport">
        <property name="appraisalId" value="Appr003"></property>
        <property name="reportId" value="Repo3"></property>
        <property name="grade" value="A++"></property>
        <property name="recommendedHike" value="20%"></property>
    </bean>
    <bean id="report4" class="com.ford2.setter.noon.AppraisalReport">
        <property name="appraisalId" value="Appr004"></property>
        <property name="reportId" value="Repo4"></property>
        <property name="grade" value="A+"></property>
        <property name="recommendedHike" value="17%"></property>
    </bean>

    <bean id="employee2" class="com.ford2.setter.noon.Employee">
        <property name="employeeId" value="E002"></property>
        <property name="employeeName" value="Raghav"></property>
        <property name="employeePhone" value="8478645848"></property>
        <property name="projectGrades">
            <map>
                <entry key="Project4" value="Grade2"></entry>
                <entry key="Project5" value="Grade1"></entry>
                <entry key="Project6" value="Grade1"></entry>
            </map>
        </property>
        <property name="appraisalReports">
            <map>
                <entry key-ref="appraisal3" value-ref="report3"></entry>
                <entry key-ref="appraisal4" value-ref="report4"></entry>
            </map>

        </property>
    </bean>

</beans>