<?xml version="1.0" encoding="UTF-8"?>
<beans
        xmlns="http://www.springframework.org/schema/beans"
        xmlns:xsi="http://www.w3.org/2001/XMLSchema-instance"
        xsi:schemaLocation="http://www.springframework.org/schema/beans http://www.springframework.org/schema/beans/spring-beans-3.0.xsd">

    <bean id="product1" class="com.ford1.springcore.setters.Product">
        <property name="productId" value="P001"></property>
        <property name="productName" value="Television"></property>
        <property name="pricePerUnit" value="10000.0"></property>
    </bean>
    <bean id="product2" class="com.ford1.springcore.setters.Product">
        <property name="productId" value="P002"></property>
        <property name="productName" value="Refrigerator"></property>
        <property name="pricePerUnit" value="40000.0"></property>
    </bean>
    <bean id="product3" class="com.ford1.springcore.setters.Product">
        <property name="productId" value="P003"></property>
        <property name="productName" value="Washing Machine"></property>
        <property name="pricePerUnit" value="25000.0"></property>
    </bean>
    <bean id="product4" class="com.ford1.springcore.setters.Product">
        <property name="productId" value="P004"></property>
        <property name="productName" value="Mixer Grinder"></property>
        <property name="pricePerUnit" value="15000.0"></property>
    </bean>
    <bean id="customer1" class="com.ford1.springcore.setters.Customer">
        <property name="customerId" value="C001"></property>
        <property name="customerName" value="Sumanth Kumar"></property>
        <property name="purchaseValue" value="50000.0"></property>
        <property name="products">
            <list>
               <ref bean="product1" />
                <ref bean="product2" />
            </list>
        </property>
    </bean>
    <bean id="customer2" class="com.ford1.springcore.setters.Customer">
        <property name="customerId" value="C002"></property>
        <property name="customerName" value="Kiran Kumar"></property>
        <property name="purchaseValue" value="40000.0"></property>
        <property name="products">
            <list>
                <ref bean="product3" />
                <ref bean="product4" />
            </list>
        </property>
    </bean>
</beans>