<?xml version="1.0" encoding="UTF-8"?>
<beans
        xmlns="http://www.springframework.org/schema/beans"
        xmlns:xsi="http://www.w3.org/2001/XMLSchema-instance"
        xsi:schemaLocation="http://www.springframework.org/schema/beans http://www.springframework.org/schema/beans/spring-beans-3.0.xsd">
    <!-- Customer 1 & 2 -->
    <bean id="customer1" class="com.ford1.springcore.setters.CustomerNew">
        <property name="customerId" value="C001"></property>
        <property name="customerName" value="Rajesh Gupta"></property>
        <property name="purchaseValue" value="20000.0"></property>
    </bean>
    <bean id="customer2" class="com.ford1.springcore.setters.CustomerNew">
        <property name="customerId" value="C002"></property>
        <property name="customerName" value="Rajan Menon"></property>
        <property name="purchaseValue" value="30000.0"></property>
    </bean>
    <!-- Product 1 & 2 -->
    <bean id="product1" class="com.ford1.springcore.setters.Product">
            <property name="productId" value="P001"></property>
            <property name="productName" value="Television"></property>
            <property name="pricePerUnit" value="20000.0"></property>
    </bean>
    <bean id="product2" class="com.ford1.springcore.setters.Product">
        <property name="productId" value="P002"></property>
        <property name="productName" value="Refrigerator"></property>
        <property name="pricePerUnit" value="30000.0"></property>
    </bean>
    <!-- PurchaseDetails1 customer 1 & 2 And Product 1 & 2-->
    <bean id="purchaseDetail1" class="com.ford1.springcore.setters.PurchaseDetails">
        <property name="counterId" value="CTR001"></property>
        <property name="salesMan" value="Suresh Kumar"></property>
        <property name="purchases">
            <map>
                <entry key-ref="customer1" value-ref="product1" ></entry>
                <entry key-ref="customer2" value-ref="product2" ></entry>
            </map>
        </property>
    </bean>
    <!-- Customer 3 & 4 -->
    <bean id="customer3" class="com.ford1.springcore.setters.CustomerNew">
        <property name="customerId" value="C003"></property>
        <property name="customerName" value="Ramesh Chandra"></property>
        <property name="purchaseValue" value="40000.0"></property>
    </bean>
    <bean id="customer4" class="com.ford1.springcore.setters.CustomerNew">
        <property name="customerId" value="C004"></property>
        <property name="customerName" value="Ritesh Kumar"></property>
        <property name="purchaseValue" value="15000.0"></property>
    </bean>
    <!-- Product 3 & 4 -->
    <bean id="product3" class="com.ford1.springcore.setters.Product">
        <property name="productId" value="P003"></property>
        <property name="productName" value="AirConditioner"></property>
        <property name="pricePerUnit" value="40000.0"></property>
    </bean>
    <bean id="product4" class="com.ford1.springcore.setters.Product">
        <property name="productId" value="P004"></property>
        <property name="productName" value="Mixer Grinder"></property>
        <property name="pricePerUnit" value="15000.0"></property>
    </bean>
    <!-- PurchaseDetails2 customer 3 & 4 And Product 3 & 4-->
    <bean id="purchaseDetail2" class="com.ford1.springcore.setters.PurchaseDetails">
        <property name="counterId" value="CTR002"></property>
        <property name="salesMan" value="Suman Kumar"></property>
        <property name="purchases">
            <map>
                <entry key-ref="customer3" value-ref="product3" ></entry>
                <entry key-ref="customer4" value-ref="product4" ></entry>
            </map>
        </property>
    </bean>



</beans>