<?xml version="1.0" encoding="UTF-8"?>
<beans
        xmlns="http://www.springframework.org/schema/beans"
        xmlns:xsi="http://www.w3.org/2001/XMLSchema-instance"
        xsi:schemaLocation="http://www.springframework.org/schema/beans http://www.springframework.org/schema/beans/spring-beans-3.0.xsd">

    <bean id="answer1" class="com.ford1.springcorenoon.Answer">
        <constructor-arg value="A001"></constructor-arg>
        <constructor-arg value="MVC is an Architectural Style..."></constructor-arg>
    </bean>
    <bean id="answer2" class="com.ford1.springcorenoon.Answer">
        <constructor-arg value="A002"></constructor-arg>
        <constructor-arg value="MVC is an Architecture Level Design Pattern..."></constructor-arg>
    </bean>

    <bean id="question1" class="com.ford1.springcorenoon.Question">
        <constructor-arg value="Q001"></constructor-arg>
        <constructor-arg value="What is MVC?"></constructor-arg>
        <constructor-arg>
            <list>
                <ref bean="answer1" />
                <ref bean="answer2" />
            </list>
        </constructor-arg>
    </bean>

    <bean id="answer3" class="com.ford1.springcorenoon.Answer">
        <constructor-arg value="A003"></constructor-arg>
        <constructor-arg value="Dependency Injection is a feature by which Objects get Injected Dynamically..."></constructor-arg>
    </bean>
    <bean id="answer4" class="com.ford1.springcorenoon.Answer">
        <constructor-arg value="A004"></constructor-arg>
        <constructor-arg value="DI Can configured using XML  as well as Annotation..."></constructor-arg>
    </bean>
    <bean id="question2" class="com.ford1.springcorenoon.Question">
        <constructor-arg value="Q002"></constructor-arg>
        <constructor-arg value="What is Dependency Injection ?"></constructor-arg>
        <constructor-arg>
            <list>
                <ref bean="answer3" />
                <ref bean="answer4" />
            </list>
        </constructor-arg>
    </bean>
</beans>
