<?xml version="1.0" encoding="UTF-8"?>
<beans
        xmlns="http://www.springframework.org/schema/beans"
        xmlns:xsi="http://www.w3.org/2001/XMLSchema-instance"
        xsi:schemaLocation="http://www.springframework.org/schema/beans http://www.springframework.org/schema/beans/spring-beans-3.0.xsd">
<bean id="quiz1" class="com.ford1.springcore.Quiz">
    <constructor-arg value="GR001"></constructor-arg>
    <constructor-arg value="MVC"></constructor-arg>
    <constructor-arg>
        <map>
            <entry key="What is MVC ?" value="MVC is an Architectural Style.."></entry>
            <entry key="What is Dependency Injection ?" value="This feature enables to load objects dynamically.."></entry>
            <entry key="What is IOC ?" value="Inversion Of Control is responsible for the Dep Injection implementation.."></entry>
        </map>
    </constructor-arg>
</bean>
    <bean id="quiz2" class="com.ford1.springcore.Quiz">
        <constructor-arg value="GR002"></constructor-arg>
        <constructor-arg value="IOC"></constructor-arg>
        <constructor-arg>
            <map>
                <entry key="What is the role of IOC ?" value="IOC Container uses Factory Pattern to inject Objects"></entry>
                <entry key="How does Dependency Injection takes place? " value="In 2 ways By Constructor and Setter "></entry>
                <entry key="What is DI By Constructor?" value="DI by Constructor uses the Overloaded constructor to initialize Objects"></entry>
            </map>
        </constructor-arg>
    </bean>

</beans>