<?xml version="1.0" encoding="UTF-8"?>
<beans
        xmlns="http://www.springframework.org/schema/beans"
        xmlns:xsi="http://www.w3.org/2001/XMLSchema-instance"
        xsi:schemaLocation="http://www.springframework.org/schema/beans http://www.springframework.org/schema/beans/spring-beans-3.0.xsd">


    <!-- Users User 1/ 2 -->
    <bean id="user1" class="com.ford1.springcorenoon.User">
        <constructor-arg value="U001"></constructor-arg>
        <constructor-arg value="Sumanth"></constructor-arg>
        <constructor-arg value="Software Engineer"></constructor-arg>
    </bean>
    <bean id="user2" class="com.ford1.springcorenoon.User">
        <constructor-arg value="U002"></constructor-arg>
        <constructor-arg value="Harish"></constructor-arg>
        <constructor-arg value="Test Engineer"></constructor-arg>
    </bean>
    <!-- Answers Answer 1/ 2 -->
    <bean id="answer1" class="com.ford1.springcorenoon.Answer">
        <constructor-arg value="A001"></constructor-arg>
        <constructor-arg value="ORM is Object Relational Mapping to DB"></constructor-arg>
    </bean>
    <bean id="answer2" class="com.ford1.springcorenoon.Answer">
        <constructor-arg value="A002"></constructor-arg>
        <constructor-arg value="ORM Promotes Disconnected Architecture to Improve Performance"></constructor-arg>
    </bean>
    <!-- QUIZ MAP1 DETAILS with USER1/2 AND ANSWER 1/2 -->
    <bean id="quizMap1" class="com.ford1.springcorenoon.QuizMap">
        <constructor-arg value="Q001"></constructor-arg>
        <constructor-arg value="ORM"></constructor-arg>
        <constructor-arg value="What is ORM?"></constructor-arg>
        <constructor-arg>
            <map>
                <entry key-ref="user1" value-ref="answer1"></entry>
                <entry key-ref="user2" value-ref="answer2"></entry>
            </map>
        </constructor-arg>
    </bean>

    <!-- Users User 3/ 4 -->
    <bean id="user3" class="com.ford1.springcorenoon.User">
        <constructor-arg value="U003"></constructor-arg>
        <constructor-arg value="Kiran Kumar"></constructor-arg>
        <constructor-arg value="Software Engineer"></constructor-arg>
    </bean>
    <bean id="user4" class="com.ford1.springcorenoon.User">
        <constructor-arg value="U004"></constructor-arg>
        <constructor-arg value="Sathish Kumar"></constructor-arg>
        <constructor-arg value="Test Engineer"></constructor-arg>
    </bean>
    <!-- Answers Answer 3/ 4 -->
    <bean id="answer3" class="com.ford1.springcorenoon.Answer">
        <constructor-arg value="A003"></constructor-arg>
        <constructor-arg value="Design Patterns are Ready Made Solutions for the Problems that are faced and might be faced"></constructor-arg>
    </bean>
    <bean id="answer4" class="com.ford1.springcorenoon.Answer">
        <constructor-arg value="A004"></constructor-arg>
        <constructor-arg value="Design Patterns are available in 3 Phases of SW Engg..."></constructor-arg>
    </bean>
    <!-- QUIZ MAP2 DETAILS with USER2/3 AND ANSWER 3/4 -->
    <bean id="quizMap2" class="com.ford1.springcorenoon.QuizMap">
        <constructor-arg value="Q002"></constructor-arg>
        <constructor-arg value="Design Pattern"></constructor-arg>
        <constructor-arg value="What is Design Pattern?"></constructor-arg>
        <constructor-arg>
            <map>
                <entry key-ref="user3" value-ref="answer3"></entry>
                <entry key-ref="user4" value-ref="answer4"></entry>
            </map>
        </constructor-arg>
    </bean>

</beans>