<?xml version="1.0" encoding="UTF-8"?>
<beans
        xmlns="http://www.springframework.org/schema/beans"
        xmlns:xsi="http://www.w3.org/2001/XMLSchema-instance"
        xsi:schemaLocation="http://www.springframework.org/schema/beans http://www.springframework.org/schema/beans/spring-beans-3.0.xsd">

    <bean id="quiz1" class="com.ford1.springcorenoon.Quiz">
        <constructor-arg value="Q001"></constructor-arg>
        <constructor-arg value="MVC"></constructor-arg>
        <constructor-arg>
            <map>
                <entry key="What is MVC?" value="MVC is an Architecture Style...." ></entry>
                <entry key="What is Dependency Injection ?" value="DI is a feature of MVC by which Objects are injected dynamically.."></entry>
                <entry key="What is AOP ?" value="AOP Refers to Aspect Oriented Programming.."></entry>
            </map>
        </constructor-arg>
    </bean>
    <bean id="quiz2" class="com.ford1.springcorenoon.Quiz">
        <constructor-arg value="Q002"></constructor-arg>
        <constructor-arg value="AOP"></constructor-arg>
        <constructor-arg>
            <map>
                <entry key="What is AOP?" value="AOP is a feature of MVC...." ></entry>
                <entry key="What is the Level of Reusability in AOP" value="ASPECT is the building block in AOP"></entry>
                <entry key="What is Cross Cutting Concern ?" value="Cross Cutting Concerns are Parallel Overhead Tasks in parallel to Business Logic like Logging etc.."></entry>
            </map>
        </constructor-arg>
    </bean>
</beans>