<?xml version="1.0" encoding="UTF-8"?>
<beans
        xmlns="http://www.springframework.org/schema/beans"
        xmlns:xsi="http://www.w3.org/2001/XMLSchema-instance"
        xsi:schemaLocation="http://www.springframework.org/schema/beans http://www.springframework.org/schema/beans/spring-beans-3.0.xsd">
<!-- STUDENT 1 with 3 subjects-->
    <bean id="subject1" class = "com.ford2.setter.noon.Subject">
        <property name="subjectId" value="SJ001"></property>
        <property name="subjectName" value="Political Science"></property>
        <property name="tutorName" value="AnantNarayan"></property>
        <property name="durationInHrs" value="120"></property>
    </bean>
    <bean id="subject2" class = "com.ford2.setter.noon.Subject">
        <property name="subjectId" value="SJ002"></property>
        <property name="subjectName" value="Business Accounts"></property>
        <property name="tutorName" value="Sumit Madhavan"></property>
        <property name="durationInHrs" value="220"></property>
    </bean>
    <bean id="subject3" class = "com.ford2.setter.noon.Subject">
        <property name="subjectId" value="SJ003"></property>
        <property name="subjectName" value="Economics"></property>
        <property name="tutorName" value="SuryaNarayan"></property>
        <property name="durationInHrs" value="320"></property>
    </bean>
    <bean id="student1" class = "com.ford2.setter.noon.Student">
            <property name="studentId" value="S001"></property>
            <property name="studentName" value="Rakesh"></property>
            <property name="studentPhone" value="9849949944"></property>
        <property name="subjects">
            <list>
                <ref bean="subject1" />
                <ref bean="subject2" />
                <ref bean="subject3" />
            </list>
        </property>
    </bean>
    <!-- STUDENT 2 with 3 subjects-->
    <bean id="subject4" class = "com.ford2.setter.noon.Subject">
        <property name="subjectId" value="SJ004"></property>
        <property name="subjectName" value="Data Science"></property>
        <property name="tutorName" value="Rakshith Shetty"></property>
        <property name="durationInHrs" value="220"></property>
    </bean>
    <bean id="subject5" class = "com.ford2.setter.noon.Subject">
        <property name="subjectId" value="SJ005"></property>
        <property name="subjectName" value="AI"></property>
        <property name="tutorName" value="Kishore Chandra"></property>
        <property name="durationInHrs" value="320"></property>
    </bean>
    <bean id="subject6" class = "com.ford2.setter.noon.Subject">
        <property name="subjectId" value="SJ006"></property>
        <property name="subjectName" value="RoboticsEngg"></property>
        <property name="tutorName" value="Varaprasad"></property>
        <property name="durationInHrs" value="220"></property>
    </bean>
    <bean id="student2" class = "com.ford2.setter.noon.Student">
        <property name="studentId" value="S002"></property>
        <property name="studentName" value="Rajesh"></property>
        <property name="studentPhone" value="9876849944"></property>
        <property name="subjects">
            <list>
                <ref bean="subject4" />
                <ref bean="subject5" />
                <ref bean="subject6" />
            </list>
        </property>
    </bean>
</beans>